modelo,accuracy,precision,recall,f1
rf,0.6326530612244898,0.6226348862594538,0.6177462243638714,0.612194196329108
logreg,0.5969387755102041,0.5621967557726072,0.5837667234726058,0.5655151923855924
